expired_green,expired_yellow,stock_green,stock_yellow,lost_sales_green,lost_sales_yellow,satisfied_green,satisfied_yellow,base_stock_level,average_reward,reward_std,config_details
0.09140000000000001,0.0,8.2287,0.0,0.8262,0.0,3.1954000000000002,0.0,16.0,512.314,72.39884946599635,m_4_L_2_Alpha_0_beta_0_p1_20_p2_0_c_0_h_1_b1_10_b2_0_w_2_mean_demand_4_coef_of_var_0.3_total_timesteps_200000_num_episodes_1000_done_10
0.09140000000000001,0.0,8.2287,0.0,0.8262,0.0,3.1954000000000002,0.0,16.0,512.314,72.39884946599635,m_4_L_2_Alpha_0_beta_0_p1_20_p2_0_c_0_h_1_b1_10_b2_0_w_2_mean_demand_4_coef_of_var_0.3_total_timesteps_200000_num_episodes_1000_done_10
0.914,0.0,82.287,0.0,8.262,0.0,31.954,0.0,160.0,512.314,72.39884946599635,m_4_L_2_Alpha_0_beta_0_p1_20_p2_0_c_0_h_1_b1_10_b2_0_w_2_mean_demand_4_coef_of_var_0.3_total_timesteps_200000_num_episodes_1000_done_10
0.917,0.0,82.278,0.0,8.26,0.0,31.958,0.0,160.0,5.124149999999999,0.7248607297267524,m_4_L_2_Alpha_0_beta_0_p1_20_p2_0_c_0_h_1_b1_10_b2_0_w_2_mean_demand_4_coef_of_var_0.3_total_timesteps_200000_num_episodes_1000_done_10
3.993,0.0,90.945,0.0,6.083,0.0,24.052,0.0,160.0,3.51306,0.625043227625098,m_4_L_2_Alpha_0_beta_0_p1_20_p2_0_c_0_h_1_b1_10_b2_0_w_3_mean_demand_3_coef_of_var_0.3
3.993,0.0,90.945,0.0,6.083,0.0,24.052,0.0,160.0,3.51306,0.625043227625098,m_4_L_2_Alpha_0_beta_0_p1_20_p2_0_c_0_h_1_b1_10_b2_0_w_3_mean_demand_3_coef_of_var_0.3
4.962,0.0,97.996,0.0,6.085,0.0,24.049,0.0,170.0,3.4229100000000003,0.6240189355300045,m_4_L_2_Alpha_0_beta_0_p1_20_p2_0_c_0_h_1_b1_10_b2_0_w_3_mean_demand_3_coef_of_var_0.3
4.975,0.0,97.95,0.0,6.078,0.0,24.053,0.0,170.0,3.42442,0.6189868040596664,m_4_L_2_Alpha_0_beta_0_p1_20_p2_0_c_0_h_1_b1_10_b2_0_w_3_mean_demand_3_coef_of_var_0.3
