demand,expired_items,stock,in_transit,lost_sales,satisfied_demand,orders,reward,rewards_std,config_details,avg_reward,std_reward
2.8059999999999996,0.033,9.77,10.401,0.026000000000000002,1.9729999999999996,4.912,-0.32468,0.5994875432232558,m5L3p0c0h1b1000w4mean_demand3coef_of_var0.7s2Q9,-3.246799999999999,8.231461459546537
