demand,expired_items,stock,in_transit,lost_sales,satisfied_demand,orders,reward,reward_std,config_details,avg_reward,std_reward,time
2.9450000000000007,0.0,5.97,5.479999999999999,0.030000000000000006,2.335,3.2000000000000006,-0.03530000000000001,0.0,m_4_L_2_p_0_c_0_h_1_b_10_w_2_mean_demand_3_coef_of_var_0.3,-0.353,0.0696491205974634,19.618428707122803
