demand,expired_items,stock,in_transit,lost_sales,satisfied_demand,orders,reward,rewards_std,config_details,avg_reward,std_reward
3.0490000000000004,0.028000000000000004,8.672,9.834000000000001,0.047,2.0879999999999996,4.097,-0.52534,0.9820260014733496,m5L3p0c0h1b1000w4mean_demand3coef_of_var0.7s2Q9,-5.2534,13.967397267923616
